{"cameraMode":{"drawMode":0,"name":"Shaded","section":"Shading Mode"},"sceneLighting":true,"audioPlay":false,"sceneViewState":{"showFog":true,"showMaterialUpdate":false,"showSkybox":true,"showFlares":true,"showImageEffects":true,"showParticleSystems":true,"showVisualEffectGraphs":true,"m_FxEnabled":true},"in2DMode":false,"pivot":{"x":5.915345668792725,"y":-1.7102270126342774,"z":-0.6335968971252441},"rotation":{"x":-0.0022355259861797096,"y":0.9971125721931458,"z":-0.06890878826379776,"w":-0.032638754695653918},"size":11.747392654418946,"orthographic":false}