{"cameraMode":{"drawMode":0,"name":"Shaded","section":"Shading Mode"},"sceneLighting":true,"audioPlay":false,"sceneViewState":{"showFog":true,"showMaterialUpdate":false,"showSkybox":true,"showFlares":true,"showImageEffects":true,"showParticleSystems":true,"showVisualEffectGraphs":true,"m_FxEnabled":true},"in2DMode":false,"pivot":{"x":6.9289116859436039,"y":0.4437295198440552,"z":23.873239517211915},"rotation":{"x":0.10775839537382126,"y":0.12935873866081239,"z":-0.014142457395792008,"w":0.9856261014938355},"size":9.086847305297852,"orthographic":false}