{"cameraMode":{"drawMode":0,"name":"Shaded","section":"Shading Mode"},"sceneLighting":true,"audioPlay":false,"sceneViewState":{"showFog":true,"showMaterialUpdate":false,"showSkybox":true,"showFlares":true,"showImageEffects":true,"showParticleSystems":true,"showVisualEffectGraphs":true,"m_FxEnabled":true},"in2DMode":false,"pivot":{"x":7.053763389587402,"y":0.4435351490974426,"z":27.792152404785158},"rotation":{"x":0.03808145597577095,"y":-0.020084278658032419,"z":0.0007673633517697454,"w":0.9990766048431397},"size":10.874995231628418,"orthographic":false}