{"cameraMode":{"drawMode":0,"name":"Shaded","section":"Shading Mode"},"sceneLighting":false,"audioPlay":false,"sceneViewState":{"showFog":true,"showMaterialUpdate":false,"showSkybox":true,"showFlares":true,"showImageEffects":true,"showParticleSystems":true,"showVisualEffectGraphs":true,"m_FxEnabled":true},"in2DMode":false,"pivot":{"x":0.36198532581329348,"y":0.07293659448623657,"z":-0.47599101066589358},"rotation":{"x":-0.08154724538326264,"y":0.8851302266120911,"z":-0.16959431767463685,"w":-0.42560166120529177},"size":3.999974012374878,"orthographic":false}