{"cameraMode":{"drawMode":0,"name":"Shaded","section":"Shading Mode"},"sceneLighting":false,"audioPlay":false,"sceneViewState":{"showFog":true,"showMaterialUpdate":false,"showSkybox":true,"showFlares":true,"showImageEffects":true,"showParticleSystems":true,"showVisualEffectGraphs":true,"m_FxEnabled":true},"in2DMode":false,"pivot":{"x":-2.6383447647094728,"y":3.1678946018218996,"z":-15.415240287780762},"rotation":{"x":0.012852135114371777,"y":0.9848915338516235,"z":-0.1512785702943802,"w":0.0835198163986206},"size":14.630541801452637,"orthographic":false}