{"cameraMode":{"drawMode":0,"name":"Shaded","section":"Shading Mode"},"sceneLighting":true,"audioPlay":false,"sceneViewState":{"showFog":true,"showMaterialUpdate":false,"showSkybox":true,"showFlares":true,"showImageEffects":true,"showParticleSystems":true,"showVisualEffectGraphs":true,"m_FxEnabled":true},"in2DMode":false,"pivot":{"x":-5.6403069496154789,"y":-0.8583387136459351,"z":32.474666595458987},"rotation":{"x":-0.0595315545797348,"y":0.8667210340499878,"z":-0.10662004351615906,"w":-0.48376670479774477},"size":10.735133171081543,"orthographic":false}