{"cameraMode":{"drawMode":0,"name":"Shaded","section":"Shading Mode"},"sceneLighting":true,"audioPlay":false,"sceneViewState":{"showFog":true,"showMaterialUpdate":false,"showSkybox":true,"showFlares":true,"showImageEffects":true,"showParticleSystems":true,"showVisualEffectGraphs":true,"m_FxEnabled":true},"in2DMode":false,"pivot":{"x":-0.08327099680900574,"y":0.8364279270172119,"z":-0.15915340185165406},"rotation":{"x":-0.01796261966228485,"y":0.9777477383613586,"z":-0.09415503591299057,"w":-0.18674501776695252},"size":1.4333655834197999,"orthographic":false}